VrstaObjekta;VelikostM2;LetoGradnje;EnergetskiRazred;Lokacija;ZemljisteM2;StSob;Url
Samostojna;114.0;1986;;Ambrož Pod Krvavcem;367.0;;https://www.nepremicnine.net/oglasi-prodaja/ambroz-pod-krvavcem-mirna-lokacija-z-razgledom-hisa_7296865/
Samostojna;301.1;1998;;Bled;823.0;;https://www.nepremicnine.net/oglasi-prodaja/bled-hisa_7290302/
Samostojna;400.0;;;Bodešče;700.0;;https://www.nepremicnine.net/oglasi-prodaja/bodesce-hisa_6387983/
Vrstna;188.7;;;Bohinjska Bistrica;114.0;;https://www.nepremicnine.net/oglasi-prodaja/bohinjska-bistrica-hisa_6462270/
Samostojna;190.9;1973;;Hrastje;522.0;;https://www.nepremicnine.net/oglasi-prodaja/hrastje-hisa_7281779/
Samostojna;93.2;2009;;Kranj;;;https://www.nepremicnine.net/oglasi-prodaja/kranj-hisa_7092819/
Samostojna;180.0;1966;;Kranj;571.0;;https://www.nepremicnine.net/oglasi-prodaja/kranj-hisa_7262419/
Samostojna;100.0;2022;;Kranjska Gora;;;https://www.nepremicnine.net/oglasi-prodaja/kranjska-gora-center-hisa_7045996/
Samostojna;220.0;;;Radovljica;;;https://www.nepremicnine.net/oglasi-prodaja/radovljica-hisa_6462144/
Samostojna;600.0;;;Radovljica;1770.0;;https://www.nepremicnine.net/oglasi-prodaja/radovljica-hisa_6379303/
Samostojna;600.0;;;Ravne;2000.0;;https://www.nepremicnine.net/oglasi-prodaja/ravne-hisa_7031680/
Samostojna;183.9;1927;;Zgornje Bitnje;389.0;;https://www.nepremicnine.net/oglasi-prodaja/zgornje-bitnje-hisa_7307521/
Samostojna;103.0;1989;;Ambrož Pod Krvavcem;1829.0;;https://www.nepremicnine.net/oglasi-prodaja/ambroz-pod-krvavcem-hisa_7087146/
Samostojna;120.0;2023;;Ambrož Pod Krvavcem;445.0;;https://www.nepremicnine.net/oglasi-prodaja/ambroz-pod-krvavcem-hisa_6961698/
Samostojna;132.9;1990;;Ambrož Pod Krvavcem;595.0;;https://www.nepremicnine.net/oglasi-prodaja/ambroz-pod-krvavcem-hisa_7121562/
Samostojna;272.4;2008;;Bašelj;628.0;;https://www.nepremicnine.net/oglasi-prodaja/baselj-hisa_7287721/
Samostojna;211.3;;;Begunje Na Gorenjskem;2096.0;;https://www.nepremicnine.net/oglasi-prodaja/begunje-na-gorenjskem-hisa_7306570/
Dvostanovanjska;551.0;1975;;Begunje Na Gorenjskem;2101.0;;https://www.nepremicnine.net/oglasi-prodaja/begunje-na-gorenjskem-hisa_7076246/
Samostojna;124.0;1900;;Begunje Na Gorenjskem;625.0;;https://www.nepremicnine.net/oglasi-prodaja/begunje-na-gorenjskem-dvorska-vas-hisa_7259778/
Trojček;154.0;2025;;Belca;30.0;;https://www.nepremicnine.net/oglasi-prodaja/belca-hisa_7308732/
Trojček;156.0;2025;;Belca;30.0;;https://www.nepremicnine.net/oglasi-prodaja/belca-hisa_7308734/
Samostojna;212.2;2022;;Bistrica Pri Tržiču;360.0;;https://www.nepremicnine.net/oglasi-prodaja/bistrica-pri-trzicu-hisa_6997311/
Samostojna;166.0;1960;;Bled;356.0;;https://www.nepremicnine.net/oglasi-prodaja/bled-hisa_7202161/
Samostojna;168.4;2022;;Bled;711.0;;https://www.nepremicnine.net/oglasi-prodaja/bled-hisa_7261770/
Samostojna;225.0;1937;;Bled;896.0;;https://www.nepremicnine.net/oglasi-prodaja/bled-hisa_6674906/
Dvojček;234.2;1973;;Bled;384.0;;https://www.nepremicnine.net/oglasi-prodaja/bled-hisa_7308371/
Samostojna;300.0;1985;;Bled;501.0;;https://www.nepremicnine.net/oglasi-prodaja/bled-hisa_7308319/
Samostojna;304.5;1991;;Bled;1151.0;;https://www.nepremicnine.net/oglasi-prodaja/bled-hisa_7116493/
Samostojna;305.8;1973;;Bled;820.0;;https://www.nepremicnine.net/oglasi-prodaja/bled-hisa_7293529/
Samostojna;360.0;1936;;Bled;1179.0;;https://www.nepremicnine.net/oglasi-prodaja/bled-hisa_7073400/
Samostojna;406.0;1958;;Bled;560.0;;https://www.nepremicnine.net/oglasi-prodaja/bled-hisa_7185402/
Samostojna;815.0;1985;;Bled;11994.0;;https://www.nepremicnine.net/oglasi-prodaja/bled-hisa_6867041/
Samostojna;118.0;;;Bled;918.0;;https://www.nepremicnine.net/oglasi-prodaja/bled-center-hisa_7130493/
Samostojna;363.7;;;Bled;1627.0;;https://www.nepremicnine.net/oglasi-prodaja/bled-s-pogledom-na-blejski-grad-hisa_7032541/
Vrstna;153.0;2012;;Bled;;;https://www.nepremicnine.net/oglasi-prodaja/bled-v-blizini-blejskega-jezera-hisa_7049874/
Vrstna;153.0;2012;;Bled;;;https://www.nepremicnine.net/oglasi-prodaja/bled-v-blizini-blejskega-jezera-hisa_7059178/
Dvostanovanjska;164.2;2023;;Blejska Dobrava;;;https://www.nepremicnine.net/oglasi-prodaja/blejska-dobrava-hisa_6571747/
Samostojna;308.7;;;Bodešče;628.0;;https://www.nepremicnine.net/oglasi-prodaja/bodesce-hisa_7272221/
Dvojček;124.0;1972;;Bohinjska Bela;200.0;;https://www.nepremicnine.net/oglasi-prodaja/bohinjska-bela-hisa_7013196/
Samostojna;143.0;2024;;Bohinjska Bela;680.0;;https://www.nepremicnine.net/oglasi-prodaja/bohinjska-bela-hisa_7119297/
Samostojna;360.5;1970;;Bohinjska Bela;931.0;;https://www.nepremicnine.net/oglasi-prodaja/bohinjska-bela-hisa_7077998/
Dvojček;115.9;2024;;Bohinjska Bistrica;483.0;;https://www.nepremicnine.net/oglasi-prodaja/bohinjska-bistrica-hisa_7300947/
Dvojček;115.9;2024;;Bohinjska Bistrica;200.0;;https://www.nepremicnine.net/oglasi-prodaja/bohinjska-bistrica-hisa_7296522/
Dvostanovanjska;115.9;2024;;Bohinjska Bistrica;483.0;;https://www.nepremicnine.net/oglasi-prodaja/bohinjska-bistrica-hisa_7278771/
Samostojna;213.0;2005;;Bohinjska Bistrica;524.0;;https://www.nepremicnine.net/oglasi-prodaja/bohinjska-bistrica-hisa-kager-hisa_7259422/
Dvojček;323.0;1993;;Breg Ob Savi;200.0;;https://www.nepremicnine.net/oglasi-prodaja/breg-ob-savi-nova-drulovka-hisa_7244142/
Samostojna;438.0;1909;;Brezje;1130.0;;https://www.nepremicnine.net/oglasi-prodaja/brezje-hisa_7023165/
Samostojna;48.3;1971;;Breznica;84.0;;https://www.nepremicnine.net/oglasi-prodaja/breznica-hisa_7131918/
Samostojna;277.0;1982;;Breznica;507.0;;https://www.nepremicnine.net/oglasi-prodaja/breznica-hisa_7106736/
Dvojček;139.4;2007;;Britof;376.0;;https://www.nepremicnine.net/oglasi-prodaja/britof-hisa_7275782/
Dvostanovanjska;325.0;1972;;Britof;850.0;;https://www.nepremicnine.net/oglasi-prodaja/britof-hisa_6865223/
Dvostanovanjska;325.0;1972;;Britof;850.0;;https://www.nepremicnine.net/oglasi-prodaja/britof-hisa_7077899/
Dvojček;140.0;2007;;Britof;376.0;;https://www.nepremicnine.net/oglasi-prodaja/britof-briof-voge-hisa_7130180/
Dvojček;200.0;2008;;Britof;376.0;;https://www.nepremicnine.net/oglasi-prodaja/britof-voge-hisa_7133291/
Dvostanovanjska;179.3;;;Cerklje Na Gorenjskem;887.0;;https://www.nepremicnine.net/oglasi-prodaja/cerklje-na-gorenjskem-smartno-hisa_6968136/
Samostojna;110.0;1990;;Četena Ravan;1250.0;;https://www.nepremicnine.net/oglasi-prodaja/cetena-ravan-stari-vrh-hisa_6940585/
Samostojna;495.9;2006;;Črnivec;1467.0;;https://www.nepremicnine.net/oglasi-prodaja/crnivec-hisa_7278628/
Dvostanovanjska;633.9;1980;;Črnivec;2500.0;;https://www.nepremicnine.net/oglasi-prodaja/crnivec-hisa_6506091/
Samostojna;194.4;;;Dovje;79.0;;https://www.nepremicnine.net/oglasi-prodaja/dovje-hisa_7092410/
Samostojna;120.0;;;Gorenja Dobrava;5812.0;;https://www.nepremicnine.net/oglasi-prodaja/gorenja-dobrava-hisa_7310159/
Samostojna;331.8;1973;;Gorica;10122.0;;https://www.nepremicnine.net/oglasi-prodaja/gorica-hisa_7255316/
Samostojna;332.0;1978;;Gorica;10000.0;;https://www.nepremicnine.net/oglasi-prodaja/gorica-hisa_7290746/
Dvostanovanjska;173.9;1975;;Gozd Martuljek;;;https://www.nepremicnine.net/oglasi-prodaja/gozd-martuljek-hisa_7049412/
Samostojna;184.7;1957;;Gozd Martuljek;6578.0;;https://www.nepremicnine.net/oglasi-prodaja/gozd-martuljek-hisa_7262809/
Samostojna;216.3;1982;;Gozd Martuljek;208.0;;https://www.nepremicnine.net/oglasi-prodaja/gozd-martuljek-hisa_7127659/
Dvojček;368.27;1988;;Gozd Martuljek;450.0;;https://www.nepremicnine.net/oglasi-prodaja/gozd-martuljek-hisa_7303444/
Samostojna;1250.0;1939;;Gozd Martuljek;;;https://www.nepremicnine.net/oglasi-prodaja/gozd-martuljek-hisa_7286977/
Dvostanovanjska;90.0;1997;;Hlebce;612.0;;https://www.nepremicnine.net/oglasi-prodaja/hlebce-hisa_6998454/
Samostojna;334.0;2013;;Ilovka;989.0;;https://www.nepremicnine.net/oglasi-prodaja/ilovka-hisa_7022967/
Vrstna;64.6;;;Javorje;402.0;;https://www.nepremicnine.net/oglasi-prodaja/javorje-mirna-in-razgledna-lokacija-hisa_7122778/
Samostojna;112.2;2024;;Javorniški Rovt;3291.0;;https://www.nepremicnine.net/oglasi-prodaja/javorniski-rovt-hisa_7148392/
Samostojna;125.0;;;Javorniški Rovt;26000.0;;https://www.nepremicnine.net/oglasi-prodaja/javorniski-rovt-cudovita-lokacija-z-razgledom-hisa_7308317/
Samostojna;165.0;1937;;Jesenice;376.0;;https://www.nepremicnine.net/oglasi-prodaja/jesenice-hisa_6588072/
Samostojna;187.2;1964;;Jesenice;394.0;;https://www.nepremicnine.net/oglasi-prodaja/jesenice-hisa_7300880/
Dvojček;242.0;1963;;Jesenice;428.0;;https://www.nepremicnine.net/oglasi-prodaja/jesenice-hisa_7303417/
Samostojna;296.8;1921;;Jesenice;15293.0;;https://www.nepremicnine.net/oglasi-prodaja/jesenice-hisa_7251584/
Samostojna;508.7;1909;;Jesenice;325.0;;https://www.nepremicnine.net/oglasi-prodaja/jesenice-hisa_6919253/
Samostojna;77.7;;;Kamna Gorica;1612.0;;https://www.nepremicnine.net/oglasi-prodaja/kamna-gorica-hisa_7305867/
Samostojna;258.9;2012;;Kočna;710.0;;https://www.nepremicnine.net/oglasi-prodaja/kocna-bled-gorje-zasip-hisa_7077090/
Samostojna;130.7;1997;;Koprivnik V Bohinju;7000.0;;https://www.nepremicnine.net/oglasi-prodaja/koprivnik-v-bohinju-hisa_7259417/
Samostojna;67.0;1948;;Kranj;232.0;;https://www.nepremicnine.net/oglasi-prodaja/kranj-hisa_6939004/
Dvojček;107.0;2025;;Kranj;250.0;;https://www.nepremicnine.net/oglasi-prodaja/kranj-hisa_7078657/
Samostojna;125.0;1925;;Kranj;250.0;;https://www.nepremicnine.net/oglasi-prodaja/kranj-hisa_7001642/
Dvojček;150.0;2025;;Kranj;200.0;;https://www.nepremicnine.net/oglasi-prodaja/kranj-hisa_6911624/
Samostojna;158.0;1926;;Kranj;200.0;;https://www.nepremicnine.net/oglasi-prodaja/kranj-hisa_7277097/
Vrstna;162.0;1992;;Kranj;247.0;;https://www.nepremicnine.net/oglasi-prodaja/kranj-hisa_7278663/
Dvojček;176.0;2025;;Kranj;374.0;;https://www.nepremicnine.net/oglasi-prodaja/kranj-hisa_7275633/
Dvojček;180.6;1968;;Kranj;807.0;;https://www.nepremicnine.net/oglasi-prodaja/kranj-hisa_7183874/
Vrstna;230.0;1995;;Kranj;144.0;;https://www.nepremicnine.net/oglasi-prodaja/kranj-hisa_7305786/
Samostojna;230.2;1950;;Kranj;211.0;;https://www.nepremicnine.net/oglasi-prodaja/kranj-hisa_6940074/
Samostojna;288.0;1973;;Kranj;718.0;;https://www.nepremicnine.net/oglasi-prodaja/kranj-hisa_6908652/
Vrstna;293.0;1974;;Kranj;416.0;;https://www.nepremicnine.net/oglasi-prodaja/kranj-hisa_6945100/
Samostojna;320.0;;;Kranj;;;https://www.nepremicnine.net/oglasi-prodaja/kranj-hisa_7306543/
Samostojna;333.8;1997;;Kranj;574.0;;https://www.nepremicnine.net/oglasi-prodaja/kranj-hisa_7073714/
Drugo;517.7;;;Kranj;;;https://www.nepremicnine.net/oglasi-prodaja/kranj-hisa_7279310/
Samostojna;517.91;1995;;Kranj;932.0;;https://www.nepremicnine.net/oglasi-prodaja/kranj-hisa_7287425/
Samostojna;310.4;1972;;Kranj;844.0;;https://www.nepremicnine.net/oglasi-prodaja/kranj-britof-mirna-lokacija-hisa_7308315/
Samostojna;437.0;1900;;Kranj;;;https://www.nepremicnine.net/oglasi-prodaja/kranj-center-hisa_7197561/
Vrstna;108.0;1949;;Kranj;108.0;;https://www.nepremicnine.net/oglasi-prodaja/kranj-center-mesta-hisa_7256223/
Samostojna;140.0;2009;;Kranj;26433.0;;https://www.nepremicnine.net/oglasi-prodaja/kranj-drulovka-hisa_7200078/
Dvojček;284.0;1993;;Kranj;200.0;;https://www.nepremicnine.net/oglasi-prodaja/kranj-drulovka-hisa_7184414/
Dvojček;284.0;1993;;Kranj;200.0;;https://www.nepremicnine.net/oglasi-prodaja/kranj-drulovka-hisa_7260634/
Samostojna;517.0;;;Kranj;421.0;;https://www.nepremicnine.net/oglasi-prodaja/kranj-mestno-sredisce-hisa_7074496/
Samostojna;90.0;1997;;Kranj;615.0;;https://www.nepremicnine.net/oglasi-prodaja/kranj-pod-jostom-hisa_7303038/
Dvojček;130.0;2026;;Kranj;194.0;;https://www.nepremicnine.net/oglasi-prodaja/kranj-primskovo-iv-pgf-hisa_7273667/
Samostojna;238.0;2001;;Kranj;550.0;;https://www.nepremicnine.net/oglasi-prodaja/kranj-srednje-bitnje-hisa_7308200/
Dvojček;161.2;1943;;Kranj;580.0;;https://www.nepremicnine.net/oglasi-prodaja/kranj-svabska-vas-hisa_7231515/
Samostojna;300.0;1940;;Kranj;653.0;;https://www.nepremicnine.net/oglasi-prodaja/kranj-urbana-in-mirna-lokacija-hisa_7278718/
Samostojna;115.0;1973;;Kranjska Gora;168.0;;https://www.nepremicnine.net/oglasi-prodaja/kranjska-gora-hisa_7120043/
Samostojna;117.59;1973;;Kranjska Gora;1708.0;;https://www.nepremicnine.net/oglasi-prodaja/kranjska-gora-hisa_7291970/
Trojček;154.0;2025;;Kranjska Gora;30.0;;https://www.nepremicnine.net/oglasi-prodaja/kranjska-gora-hisa_7308724/
Trojček;156.0;2025;;Kranjska Gora;30.0;;https://www.nepremicnine.net/oglasi-prodaja/kranjska-gora-hisa_7308729/
Samostojna;192.75;1995;;Kranjska Gora;1515.0;;https://www.nepremicnine.net/oglasi-prodaja/kranjska-gora-hisa_7014790/
Samostojna;218.0;1948;;Kranjska Gora;;;https://www.nepremicnine.net/oglasi-prodaja/kranjska-gora-hisa_6965391/
Samostojna;236.0;1981;;Kranjska Gora;899.0;;https://www.nepremicnine.net/oglasi-prodaja/kranjska-gora-hisa_6971940/
Samostojna;248.0;1962;;Kranjska Gora;667.0;;https://www.nepremicnine.net/oglasi-prodaja/kranjska-gora-hisa_7292457/
Samostojna;248.8;1962;;Kranjska Gora;667.0;;https://www.nepremicnine.net/oglasi-prodaja/kranjska-gora-hisa_7119932/
Samostojna;305.0;1926;;Kranjska Gora;831.0;;https://www.nepremicnine.net/oglasi-prodaja/kranjska-gora-hisa_7304227/
Samostojna;305.0;2001;;Kranjska Gora;1229.0;;https://www.nepremicnine.net/oglasi-prodaja/kranjska-gora-hisa_7281893/
Samostojna;335.0;1969;;Kranjska Gora;534.0;;https://www.nepremicnine.net/oglasi-prodaja/kranjska-gora-hisa_6999418/
Samostojna;350.0;2005;;Kranjska Gora;900.0;;https://www.nepremicnine.net/oglasi-prodaja/kranjska-gora-hisa_7293554/
Samostojna;375.0;1926;;Kranjska Gora;831.0;;https://www.nepremicnine.net/oglasi-prodaja/kranjska-gora-hisa_6847497/
Samostojna;590.0;1948;;Kranjska Gora;;;https://www.nepremicnine.net/oglasi-prodaja/kranjska-gora-hisa_6965393/
Dvojček;89.5;1965;;Kranjska Gora;439.0;;https://www.nepremicnine.net/oglasi-prodaja/kranjska-gora-gozd-martuljek-hisa_7298908/
Dvojček;144.0;2023;;Križe;302.0;;https://www.nepremicnine.net/oglasi-prodaja/krize-hisa_6889858/
Dvojček;144.0;2023;;Križe;588.0;;https://www.nepremicnine.net/oglasi-prodaja/krize-hisa_6666420/
Samostojna;159.3;1965;;Krnica;1042.0;;https://www.nepremicnine.net/oglasi-prodaja/krnica-hisa_7281883/
Dvojček;177.0;2003;;Kropa;158.0;;https://www.nepremicnine.net/oglasi-prodaja/kropa-hisa_7302488/
Samostojna;220.0;;;Kropa;50.0;;https://www.nepremicnine.net/oglasi-prodaja/kropa-hisa_7308233/
Samostojna;270.0;1900;;Kropa;402.0;;https://www.nepremicnine.net/oglasi-prodaja/kropa-hisa_7246374/
Samostojna;280.0;;;Kropa;189.0;;https://www.nepremicnine.net/oglasi-prodaja/kropa-hisa_6826465/
Samostojna;280.0;2013;;Lahovče;680.0;;https://www.nepremicnine.net/oglasi-prodaja/lahovce-hisa_7107342/
Samostojna;203.2;;;Lancovo;1231.0;;https://www.nepremicnine.net/oglasi-prodaja/lancovo-hisa_7307414/
Samostojna;356.5;1962;;Lesce;765.0;;https://www.nepremicnine.net/oglasi-prodaja/lesce-hisa_7281543/
Samostojna;505.1;2013;;Lesce;1490.0;;https://www.nepremicnine.net/oglasi-prodaja/lesce-hisa_7209095/
Dvostanovanjska;539.0;2013;;Lesce;149.0;;https://www.nepremicnine.net/oglasi-prodaja/lesce-hisa_7308269/
Samostojna;200.0;1919;;Lesce;371.0;;https://www.nepremicnine.net/oglasi-prodaja/lesce-center-hisa_6667632/
Samostojna;293.5;;;Lesce;439.0;;https://www.nepremicnine.net/oglasi-prodaja/lesce-mirno-naselje-hisa_7106672/
Samostojna;182.0;1975;;Letenice;4000.0;;https://www.nepremicnine.net/oglasi-prodaja/letenice-hisa_6782858/
Dvostanovanjska;490.0;2006;;Mače;1149.0;;https://www.nepremicnine.net/oglasi-prodaja/mace-hisa_7154619/
Samostojna;373.0;1910;;Mevkuž;;;https://www.nepremicnine.net/oglasi-prodaja/mevkuz-hisa_7074183/
Samostojna;341.0;1980;;Mlaka Pri Kranju;387.0;;https://www.nepremicnine.net/oglasi-prodaja/mlaka-pri-kranju-hisa_6845480/
Samostojna;227.0;1980;;Mojstrana;507.0;;https://www.nepremicnine.net/oglasi-prodaja/mojstrana-hisa_7033601/
Samostojna;228.0;1978;;Naklo;615.0;;https://www.nepremicnine.net/oglasi-prodaja/naklo-hisa_7129378/
Samostojna;228.0;1978;;Naklo;615.0;;https://www.nepremicnine.net/oglasi-prodaja/naklo-hisa_7114830/
Samostojna;228.0;1978;;Naklo;615.0;;https://www.nepremicnine.net/oglasi-prodaja/naklo-hisa_7255008/
Samostojna;406.48;1988;;Nomenj;618.0;;https://www.nepremicnine.net/oglasi-prodaja/nomenj-hisa_6783951/
Samostojna;110.0;2007;;Podhom;972.0;;https://www.nepremicnine.net/oglasi-prodaja/podhom-hisa_7270063/
Samostojna;178.3;1902;;Podkoren;404.0;;https://www.nepremicnine.net/oglasi-prodaja/podkoren-hisa_7255237/
Samostojna;205.0;;;Podkoren;1689.0;;https://www.nepremicnine.net/oglasi-prodaja/podkoren-hisa_7072547/
Samostojna;270.0;;;Podkoren;1851.0;;https://www.nepremicnine.net/oglasi-prodaja/podkoren-hisa_7015221/
Samostojna;286.3;1980;;Podkoren;603.0;;https://www.nepremicnine.net/oglasi-prodaja/podkoren-hisa_7296503/
Samostojna;349.0;;;Podljubelj;1838.0;;https://www.nepremicnine.net/oglasi-prodaja/podljubelj-hisa_7303365/
Samostojna;449.6;2007;;Podnart;2215.0;;https://www.nepremicnine.net/oglasi-prodaja/podnart-hisa_7308800/
Samostojna;135.19;2026;;Podreča;545.0;;https://www.nepremicnine.net/oglasi-prodaja/podreca-hisa_7263141/
Dvostanovanjska;300.0;1974;;Polje;638.0;;https://www.nepremicnine.net/oglasi-prodaja/polje-bohinj-hisa_6604871/
Samostojna;200.0;1996;;Potoče;600.0;;https://www.nepremicnine.net/oglasi-prodaja/potoce-hisa_6857709/
Samostojna;275.2;;;Praše;1149.0;;https://www.nepremicnine.net/oglasi-prodaja/prase-hisa_7055415/
Samostojna;144.0;1985;;Preddvor;509.0;;https://www.nepremicnine.net/oglasi-prodaja/preddvor-okolica-kranja-hisa_6811323/
Dvostanovanjska;169.4;1976;;Radovljica;88.0;;https://www.nepremicnine.net/oglasi-prodaja/radovljica-hisa_7303686/
Dvojček;170.3;1990;;Radovljica;297.0;;https://www.nepremicnine.net/oglasi-prodaja/radovljica-hisa_7074451/
Samostojna;195.7;1970;;Radovljica;6021.0;;https://www.nepremicnine.net/oglasi-prodaja/radovljica-hisa_7306029/
Samostojna;246.0;;;Radovljica;120.0;;https://www.nepremicnine.net/oglasi-prodaja/radovljica-hisa_6240271/
Samostojna;427.0;1900;;Radovljica;854.0;;https://www.nepremicnine.net/oglasi-prodaja/radovljica-hisa_6062360/
Samostojna;126.7;2024;;Radovljica;570.0;;https://www.nepremicnine.net/oglasi-prodaja/radovljica-lancovo-hisa_6777544/
Dvostanovanjska;170.0;1951;;Radovljica;935.0;;https://www.nepremicnine.net/oglasi-prodaja/radovljica-ob-potoku-na-robu-naselja-hisa_7308177/
Samostojna;331.8;1978;;Radovljica;;;https://www.nepremicnine.net/oglasi-prodaja/radovljica-okolica-hisa_7308313/
Samostojna;291.18;2000;;Reteče;1000.0;;https://www.nepremicnine.net/oglasi-prodaja/retece-hisa_7303570/
Samostojna;518.2;;;Reteče;9555.0;;https://www.nepremicnine.net/oglasi-prodaja/retece-hisa_7271585/
Samostojna;518.2;;;Reteče;9555.0;;https://www.nepremicnine.net/oglasi-prodaja/retece-hisa_7271586/
Samostojna;168.4;2019;;Ribno;711.0;;https://www.nepremicnine.net/oglasi-prodaja/ribno-hisa_7106723/
Samostojna;168.4;2022;;Ribno;711.0;;https://www.nepremicnine.net/oglasi-prodaja/ribno-hisa_7261783/
Samostojna;228.0;2015;;Ribno;480.0;;https://www.nepremicnine.net/oglasi-prodaja/ribno-hisa_7119509/
Samostojna;519.2;1984;;Ribno;1123.0;;https://www.nepremicnine.net/oglasi-prodaja/ribno-hisa_7126177/
Samostojna;245.0;1990;;Selca;;;https://www.nepremicnine.net/oglasi-prodaja/selca-hisa_7255190/
Samostojna;2545.0;1980;;Selca;14550.0;;https://www.nepremicnine.net/oglasi-prodaja/selca-hisa_7117454/
Dvojček;176.0;;;Slovenski Javornik;;;https://www.nepremicnine.net/oglasi-prodaja/slovenski-javornik-hisa_7302837/
Samostojna;361.5;2022;;Spodnja Lipnica;3070.0;;https://www.nepremicnine.net/oglasi-prodaja/spodnja-lipnica-hisa_7277205/
Samostojna;1500.0;1950;;Spodnje Duplje;3918.0;;https://www.nepremicnine.net/oglasi-prodaja/spodnje-duplje-hisa_7272215/
Samostojna;1500.0;1950;;Spodnje Duplje;6403.0;;https://www.nepremicnine.net/oglasi-prodaja/spodnje-duplje-hisa_7005685/
Dvostanovanjska;158.58;2024;;Spodnje Gorje;5915.0;;https://www.nepremicnine.net/oglasi-prodaja/spodnje-gorje-hisa_6751881/
Samostojna;324.0;1986;;Srednja Vas Pri Šenčurju;800.0;;https://www.nepremicnine.net/oglasi-prodaja/srednja-vas-pri-sencurju-hisa_6973015/
Vrstna;169.0;2003;;Srednja Vas Pri Šenčurju;205.0;;https://www.nepremicnine.net/oglasi-prodaja/srednja-vas-pri-sencurju-blizina-narave-hisa_7293651/
Samostojna;64.1;1948;;Srednja Vas V Bohinju;6179.0;;https://www.nepremicnine.net/oglasi-prodaja/srednja-vas-v-bohinju-hisa_6964857/
Samostojna;804.5;1985;;Srednja Vas V Bohinju;913.0;;https://www.nepremicnine.net/oglasi-prodaja/srednja-vas-v-bohinju-hisa_7296496/
Samostojna;133.0;1900;;Stara Fužina;485.0;;https://www.nepremicnine.net/oglasi-prodaja/stara-fuzina-hisa_7066429/
Samostojna;213.4;2023;;Suha;450.0;;https://www.nepremicnine.net/oglasi-prodaja/suha-skofja-loka-hisa_7293682/
Samostojna;228.0;1990;;Sv. Andrej;3500.0;;https://www.nepremicnine.net/oglasi-prodaja/sv-andrej-hisa_7074941/
Dvostanovanjska;112.0;2025;;Šenčur;292.0;;https://www.nepremicnine.net/oglasi-prodaja/sencur-hisa_6903616/
Samostojna;150.0;2020;;Šenčur;603.0;;https://www.nepremicnine.net/oglasi-prodaja/sencur-hisa_7295760/
Trojček;169.0;2003;;Šenčur;205.0;;https://www.nepremicnine.net/oglasi-prodaja/sencur-hisa_7308221/
Vrstna;169.0;2003;;Šenčur;205.0;;https://www.nepremicnine.net/oglasi-prodaja/sencur-hisa_7308222/
Dvostanovanjska;173.6;2025;;Šenčur;215.0;;https://www.nepremicnine.net/oglasi-prodaja/sencur-hisa_6993028/
Dvojček;184.0;2026;;Šenčur;224.0;;https://www.nepremicnine.net/oglasi-prodaja/sencur-hisa_7278188/
Dvojček;184.0;2026;;Šenčur;123.0;;https://www.nepremicnine.net/oglasi-prodaja/sencur-hisa_7289886/
Dvojček;184.0;2026;;Šenčur;151.0;;https://www.nepremicnine.net/oglasi-prodaja/sencur-hisa_7289880/
Dvojček;184.0;2026;;Šenčur;151.0;;https://www.nepremicnine.net/oglasi-prodaja/sencur-hisa_7289885/
Dvojček;200.0;2026;;Šenčur;365.0;;https://www.nepremicnine.net/oglasi-prodaja/sencur-hisa_7289877/
Samostojna;325.0;2000;;Šenčur;500.0;;https://www.nepremicnine.net/oglasi-prodaja/sencur-hisa_7168634/
Trojček;160.8;2003;;Šenčur;205.0;;https://www.nepremicnine.net/oglasi-prodaja/sencur-blizina-sole-vrtca-hisa_7308306/
Vrstna;175.2;2025;;Šenčur;300.0;;https://www.nepremicnine.net/oglasi-prodaja/sencur-juzni-niz-hisa_7062248/
Vrstna;175.2;2025;;Šenčur;300.0;;https://www.nepremicnine.net/oglasi-prodaja/sencur-juzni-niz-iii-pgf-hisa_7067094/
Trojček;160.8;2003;;Šenčur;205.0;;https://www.nepremicnine.net/oglasi-prodaja/sencur-sajovcevo-naselje-hisa_7184670/
Trojček;160.8;2003;;Šenčur;205.0;;https://www.nepremicnine.net/oglasi-prodaja/sencur-sajovcevo-naselje-hisa_7183946/
Trojček;169.0;2012;;Šenčur;205.0;;https://www.nepremicnine.net/oglasi-prodaja/sencur-sajovcevo-naselje-hisa_7218526/
Dvojček;147.0;2020;;Škofja Loka;230.0;;https://www.nepremicnine.net/oglasi-prodaja/skofja-loka-hisa_7303377/
Vrstna;151.0;1968;;Škofja Loka;275.0;;https://www.nepremicnine.net/oglasi-prodaja/skofja-loka-hisa_7307532/
Vrstna;151.0;1968;;Škofja Loka;275.0;;https://www.nepremicnine.net/oglasi-prodaja/skofja-loka-hisa_7006879/
Samostojna;348.5;2020;;Škofja Loka;;;https://www.nepremicnine.net/oglasi-prodaja/skofja-loka-hisa_7293798/
Samostojna;360.6;2020;;Škofja Loka;661.0;;https://www.nepremicnine.net/oglasi-prodaja/skofja-loka-hisa_6956614/
Samostojna;390.0;2003;;Škofja Loka;1507.0;;https://www.nepremicnine.net/oglasi-prodaja/skofja-loka-hisa_7260648/
Samostojna;390.6;2003;;Škofja Loka;1507.0;;https://www.nepremicnine.net/oglasi-prodaja/skofja-loka-hisa_7075166/
Samostojna;109.0;;;Tržič;308.0;;https://www.nepremicnine.net/oglasi-prodaja/trzic-hisa_7307904/
Samostojna;190.4;1987;;Tržič;482.0;;https://www.nepremicnine.net/oglasi-prodaja/trzic-hisa_7307905/
Samostojna;1106.0;1999;;Tržič;18768.0;;https://www.nepremicnine.net/oglasi-prodaja/trzic-hisa_7298390/
Samostojna;88.9;1972;;Ukanc;247.0;;https://www.nepremicnine.net/oglasi-prodaja/ukanc-hisa_7264781/
Samostojna;1188.0;2000;;Virlog;1001.0;;https://www.nepremicnine.net/oglasi-prodaja/virlog-hisa_7299029/
Dvostanovanjska;105.1;1958;;Voglje;400.0;;https://www.nepremicnine.net/oglasi-prodaja/voglje-hisa_7293465/
Samostojna;147.0;2024;;Zaloše;679.0;;https://www.nepremicnine.net/oglasi-prodaja/zalose-hisa_7309241/
Samostojna;393.1;1977;;Zapuže;605.0;;https://www.nepremicnine.net/oglasi-prodaja/zapuze-hisa_7255214/
Samostojna;283.9;1991;;Zasip;594.0;;https://www.nepremicnine.net/oglasi-prodaja/zasip-hisa_7116550/
Samostojna;262.8;2001;;Zgornja Besnica;1545.0;;https://www.nepremicnine.net/oglasi-prodaja/zgornja-besnica-hisa_7293636/
Samostojna;284.8;2018;;Zgornja Besnica;984.0;;https://www.nepremicnine.net/oglasi-prodaja/zgornja-besnica-hisa_7117894/
Samostojna;581.0;;;Zgornja Lipnica;7203.0;;https://www.nepremicnine.net/oglasi-prodaja/zgornja-lipnica-hisa_7085120/
Samostojna;700.0;1978;;Zgornja Lipnica;23150.0;;https://www.nepremicnine.net/oglasi-prodaja/zgornja-lipnica-hisa_7042058/
Samostojna;169.9;;;Zgornja Sorica;1232.0;;https://www.nepremicnine.net/oglasi-prodaja/zgornja-sorica-hisa_7212773/
Dvostanovanjska;180.0;2000;;Zgornje Bitnje;300.0;;https://www.nepremicnine.net/oglasi-prodaja/zgornje-bitnje-hisa_7306500/
Dvostanovanjska;180.0;2000;;Zgornje Bitnje;300.0;;https://www.nepremicnine.net/oglasi-prodaja/zgornje-bitnje-hisa_7302982/
Samostojna;146.9;2025;;Zgornje Gorje;582.0;;https://www.nepremicnine.net/oglasi-prodaja/zgornje-gorje-hisa_7306080/
Samostojna;173.5;2025;;Zgornje Gorje;582.0;;https://www.nepremicnine.net/oglasi-prodaja/zgornje-gorje-hisa_7306077/
Samostojna;348.3;2025;;Zgornje Gorje;582.0;;https://www.nepremicnine.net/oglasi-prodaja/zgornje-gorje-hisa_7306017/
Samostojna;135.1;1950;;Zgornje Jezersko;1256.0;;https://www.nepremicnine.net/oglasi-prodaja/zgornje-jezersko-hisa_7042599/
Samostojna;224.6;2005;;Zgornji Brnik;1169.0;;https://www.nepremicnine.net/oglasi-prodaja/zgornji-brnik-hisa_7293811/
Samostojna;120.0;2026;;Zgoša;399.0;;https://www.nepremicnine.net/oglasi-prodaja/zgosa-hisa_7307671/
Samostojna;277.1;1975;;Žabnica;584.0;;https://www.nepremicnine.net/oglasi-prodaja/zabnica-hisa_6735630/
Samostojna;88.7;;;Železniki;;;https://www.nepremicnine.net/oglasi-prodaja/zelezniki-hisa_7069258/
Samostojna;91.0;1990;;Železniki;;;https://www.nepremicnine.net/oglasi-prodaja/zelezniki-hisa_7074801/
Samostojna;301.5;2015;;Železniki;1454.0;;https://www.nepremicnine.net/oglasi-prodaja/zelezniki-hisa_7279823/
Dvojček;90.0;;;Železniki;120.0;;https://www.nepremicnine.net/oglasi-prodaja/zelezniki-trnje-hisa_6753636/
Samostojna;100.0;2013;;Žirovnica;;;https://www.nepremicnine.net/oglasi-prodaja/zirovnica-hisa_7310589/
Samostojna;131.0;1973;;Žirovnica;1359.0;;https://www.nepremicnine.net/oglasi-prodaja/zirovnica-hisa_7128199/
Dvojček;135.0;2025;;Žirovnica;250.0;;https://www.nepremicnine.net/oglasi-prodaja/zirovnica-hisa_6990571/
Samostojna;190.3;1960;;Žirovnica;977.0;;https://www.nepremicnine.net/oglasi-prodaja/zirovnica-hisa_7117868/
Samostojna;216.3;2005;;Žirovnica;317.0;;https://www.nepremicnine.net/oglasi-prodaja/zirovnica-hisa_7109650/
Samostojna;163.4;;;Žirovnica;692.0;;https://www.nepremicnine.net/oglasi-prodaja/zirovnica-moste-hisa_7304272/
Dvojček;149.0;2025;;Žirovnica;250.0;;https://www.nepremicnine.net/oglasi-prodaja/zirovnica-na-voljo-samo-se-ena-enota-hisa_7042232/
